﻿designator,quantity,value,pack,mpn,mount_type
C1,1,0.1uF,C_0603_1608Metric_Pad1.08x0.95mm_HandSolder,,smt
C3,1,1.0uF,C_0603_1608Metric_Pad1.08x0.95mm_HandSolder,,smt
C5,1,50uF,C_0805_2012Metric_Pad1.18x1.45mm_HandSolder,,smt
D1,1,RED,LED_0603_1608Metric_Pad1.05x0.95mm_HandSolder,,smt
"R1, R2",2,"2,2k",R_0603_1608Metric_Pad0.98x0.95mm_HandSolder,,smt
"R5, R6, R9",3,2.2k,R_0603_1608Metric_Pad0.98x0.95mm_HandSolder,,smt
"R7, R8",2,4.7k,R_0603_1608Metric_Pad0.98x0.95mm_HandSolder,,smt
U1,1,MOUDLE-SEEEDUINO-XIAO-ESP32C3,MOUDLE14P-SMD-2.54-21X17.8MM,,tht
U2,1,MAX30101EFD,PSON80P560X330X165-14N,,smt
"U3, U7",2,RE1C002UN,EMT3F,,smt
U5,1,DRV2605LDGS,VSSOP-10_3x3mm_P0.5mm,,smt
U6,1,~,VLV101040A,,smt
