﻿pos_x,pos_y,rotation,side,designator,mpn,pack,value,mount_type,place
106.1325,-60.75,180.0,bottom,C1,,C_0603_1608Metric_Pad1.08x0.95mm_HandSolder,0.1uF,smt,True
106.1325,-63.26,180.0,bottom,C3,,C_0603_1608Metric_Pad1.08x0.95mm_HandSolder,1.0uF,smt,True
110.0375,-61.0,180.0,bottom,C5,,C_0805_2012Metric_Pad1.18x1.45mm_HandSolder,50uF,smt,True
112.2,-57.675,-90.0,top,D1,,LED_0603_1608Metric_Pad1.05x0.95mm_HandSolder,RED,smt,True
106.1325,-65.77,180.0,bottom,R1,,R_0603_1608Metric_Pad0.98x0.95mm_HandSolder,"2,2k",smt,True
106.0875,-68.5,180.0,bottom,R2,,R_0603_1608Metric_Pad0.98x0.95mm_HandSolder,"2,2k",smt,True
101.2,-63.8875,90.0,bottom,R5,,R_0603_1608Metric_Pad0.98x0.95mm_HandSolder,2.2k,smt,True
104.5,-57.1625,-90.0,top,R6,,R_0603_1608Metric_Pad0.98x0.95mm_HandSolder,2.2k,smt,True
112.2,-54.2875,90.0,top,R7,,R_0603_1608Metric_Pad0.98x0.95mm_HandSolder,4.7k,smt,True
88.4,-64.6875,90.0,bottom,R8,,R_0603_1608Metric_Pad0.98x0.95mm_HandSolder,4.7k,smt,True
90.5,-59.5,0.0,bottom,R9,,R_0603_1608Metric_Pad0.98x0.95mm_HandSolder,2.2k,smt,True
102.55925,-69.576,90.0,top,U1,,MOUDLE14P-SMD-2.54-21X17.8MM,MOUDLE-SEEEDUINO-XIAO-ESP32C3,tht,True
94.305,-61.9,180.0,bottom,U2,,PSON80P560X330X165-14N,MAX30101EFD,smt,True
97.75,-65.6,0.0,bottom,U3,,EMT3F,RE1C002UN,smt,True
106.0,-53.5,0.0,top,U5,,VSSOP-10_3x3mm_P0.5mm,DRV2605LDGS,smt,True
103.0,-59.65,-90.0,top,U6,,VLV101040A,~,smt,True
94.5,-65.6,0.0,bottom,U7,,EMT3F,RE1C002UN,smt,True
